variant,sends,open_rate,click_rate
A,819,0.1623931623931624,0.020757020757020756
B,681,0.21292217327459617,0.030837004405286344
